ID,NoFloor,FloorArea(m2),TotalFloorArea(m2),ColumnArea(m2),ConcreteWallArea(NS)(m2),ConcreteWallArea(EW)(m2),MasonryWallArea(NS)(m2),MasonryWallArea(EW)(m2),StructuralDamage
1,6,289,1736,4.99,0,0,0.534,0.319,0
2,2.5,88,219,0.84,0,0,0,0,0
4,2,80,159,0.84,0,0,0.415,0.072,0
5,3,67,201,0.84,0,0,0.221,0,0
6,2.5,71,177,0.84,0,0,0.434,0,0
7,5.5,80,440,0.84,0,0,0.328,0.021,1
8,6,118,710,1.24,0,0,0.079,0.093,0
9,3,154,461,1.7,0,0,0.96,0.754,0
10,5,89,443,1.21,0,0,0.073,0.215,0
11,4.5,272,1225,1.62,0,0,0.223,0.034,1
12,4,120,479,0.84,0,0,0.8,0.174,1
15,4,102,408,1.74,0,0,0.473,0.123,0
16,4,106,424,2.23,0,0,0.575,0.193,0
17,4,88,352,1.05,0,0,0.539,0.445,1
18,3,35,106,0.84,0,0,0.082,0,0
19,5.5,130,715,0.94,0,0,0.348,0,1
21,5.5,54,299,0.77,0,0,0.262,0.274,1
23,5.5,143,789,1.86,0,0,0,0,1
24,4.5,75,338,1.39,0,0,0.273,0.144,1
25,7.5,126,946,1.11,0,0,0.172,0.461,1
26,4.5,64,290,0.57,0,0,0.6,0.233,0
27,6,250,1498,2.3,0,0,0.416,0.111,1
28,4,101,403,1.05,0,0,0.347,0,0
29,5.5,158,870,1.46,0,0,0.89,0,1
31,5,84,418,0.84,0,0,0.473,0.031,1
32,5,160,801,1.33,0,0,0.305,0,1
33,6,122,729,1.25,0,0,0.514,0.049,0
34,5.5,45,248,0.63,0,0,0.11,0.112,0
35,5.5,93,510,1.11,0,0,0.528,0.185,0
36,5,99,496,1.11,0,0,0.699,0,1
37,3.5,105,369,0.78,0,0,0,0.173,1
38,3,102,306,0.78,0,0,0.413,0,0
39,5.5,97,532,1.05,0,0,0.771,0.134,0
40,6.5,126,818,1.25,0,0,0.372,0.055,1
41,6.5,126,818,1.25,0,0,0.372,0.055,1
42,6.5,250,1623,2.3,0,0,0.446,0.111,1
43,3,53,160,1.03,0,0,0,0,1
44,5.5,87,478,0.77,0,0,0.387,0,0
45,4,438,1752,3,0,0,0.841,0.468,0
47,7,110,771,1.04,0,0,0.169,0.306,1
49,3,124,371,1.08,0,0,0.279,0.525,0
50,6,250,1498,2.3,0,0,0.429,0.111,1
51,3.5,59,207,1.02,0,0,0.223,0.376,1
52,3.5,66,232,0.63,0,0,0.531,0.297,1
54,3.5,60,211,0.63,0,0,0.135,0.084,0
55,3.5,49,170,0.84,0,0,0.274,0.168,1
56,3.5,22,75,0.42,0,0,0,0.082,1
57,3,37,110,0.63,0,0,0.134,0,0
58,3,56,168,0.77,0,0,0.441,0.138,0
59,4,75,298,0.84,0,0,0.431,0.373,0
60,3,59,176,0.63,0,0,0.19,0,1
61,4,63,253,0.91,0,0,0.238,0.062,1
62,4,81,322,1.11,0,0,0.715,0.06,0
63,2,60,121,0.63,0,0,0.177,0.075,0
64,6,106,634,1.18,0,0,0.155,0,1
65,4.5,55,249,0.63,0,0,0.257,0.02,1
67,2.5,120,301,1.18,0,0,0.246,0.15,0
68,3.5,62,219,0.57,0,0,0.279,0,0
69,3,63,190,0.63,0,0,0.375,0.136,0
71,2.5,53,132,0.63,0,0,0.429,0,0
72,5,116,582,0.99,0,0,0.397,0.122,1
74,3,76,228,0.73,0,0,0.455,0.005,1
75,3.5,52,182,0.47,0,0,0.081,0.089,0
77,2.5,64,159,0.47,0,0,0,0.071,0
78,3,102,307,0.63,0,0,0,0.33,1
79,4.5,56,253,0.63,0,0,0.523,0,1
81,4.5,118,533,1.58,0,0,0.478,0.194,1
82,5.5,165,908,1.49,0,0,0.762,0,1
83,4,83,333,1.3,0,0,0.696,0.12,0
84,4,148,593,1.67,0,0,0.562,0.462,1
85,2.5,105,261,1.52,0,0,0.602,0.03,0
86,4,151,604,1.46,0,0,0.679,0.564,1
87,3.5,165,576,1.15,0,0,0.726,0.353,0
88,4,130,520,1.24,0,0,0.254,0.034,1
89,3.5,43,152,0.76,0,0,0.207,0,0
90,5.5,71,388,0.93,0,0,0.46,0,0
91,3.5,45,158,1.08,0,0,0.221,0.133,0
92,3.5,265,929,2.6,0,0,0.541,0,1
93,2.5,68,170,0.65,0,0,0.179,0.063,0
94,3.5,83,291,0.84,0,0,0.488,0,1
96,3.5,69,241,0.73,0,0,0.505,0,0
97,4.5,83,372,1.11,0,0,0.239,0.062,0
98,3.5,81,285,1.3,0,0,0.258,0,1
99,3.5,113,396,0.52,0,0,0.383,0,0
100,3.5,136,476,0.84,0,0,0.208,0.137,0
101,3,110,330,0.73,0,0,0,0.078,0
102,4,96,384,0.73,0,0,0.329,0,1
103,2.5,95,237,0.72,0,0,0,0,1
104,1.5,67,100,0.84,0,0,0.147,0.232,0
105,2,91,182,0.81,0,0,0.033,0.227,0
106,2.5,78,196,0.49,0,0,0,0.04,1
107,4,59,234,0.77,0,0,0.312,0.189,1
108,2,70,139,1.18,0,0,0.531,0.228,0
109,2,49,98,0.84,0,0,0.145,0.095,0
110,4,50,202,0.79,0,0,0.277,0.269,0
111,3,76,229,0.91,0,0,0.506,0.145,1
112,4,166,665,1.86,0,0,0.199,0.296,1
113,4,51,204,0.47,0,0,0.231,0.125,0
114,2,49,98,0.63,0,0,0.164,0,0
115,4,105,421,1.56,0,0,0.213,0,1
116,4.5,96,432,0.98,0,0,0.476,0.171,0
117,3.5,51,179,0.7,0,0,0.223,0,1
118,3,63,189,0.84,0,0,0.546,0.034,0
120,4.5,62,278,0.52,0,0,0.171,0.201,0
121,3.5,50,174,0.47,0,0,0.259,0,1
122,2.5,68,170,0.84,0,0,0.322,0.164,0
123,2,81,163,1.22,0,0,0.07,0.138,0
124,3.5,65,229,0.98,0,0,0.115,0,0
126,6.5,72,471,0.63,0,0,0.164,0.173,0
127,6,243,1460,3.07,0,0,0.235,0.173,0
129,6,164,983,1.67,0,0,0.025,0.111,0
130,6,243,1460,3.07,0,0,0.193,0.173,0
131,7,302,2114,3.81,0,0,0.295,0.173,0
132,7,254,1778,3.07,3.69,1.53,0.369,0.091,1
133,5.5,149,820,1.86,0,0,0.235,0.167,0
134,5,243,1217,3.07,0,0,0.159,0.173,0
136,6,527,3160,9.7,0,0,0.43,0.3,1
137,2,84,168,0.5,0,0,0.29,0.05,0
138,2,321,642,1.6,0,0,0.37,0.29,0
139,2,87,174,0.9,0,0,0.44,0.07,0
141,4,107,430,1.4,0,0,0.37,0.08,1
142,4,143,570,3,0,0,0.12,0.23,0
143,2,300,599,3.7,0,0,0.32,0.3,1
144,5,205,1026,2.8,0,0,0.26,0.37,1
145,4,686,3169,5,0,0,0.4,0.43,1
146,3,109,327,2.2,0,0,0.09,0.11,0
149,1,114,114,1,0,0,0.16,0.09,0
150,3,139,417,1.8,0,0,0.73,0.07,1
151,2,448,897,2.2,0,0,0.5,0.17,1
152,3,242,726,3,0,0,0.44,0.19,1
153,3,48,144,0.5,0,0,0.22,0.05,0
155,4,206,824,2.8,0,0,0.31,0.45,1
156,1,96,96,0.7,0,0,0.24,0.07,1
157,3,522,1566,5.4,0,0,0.72,0.61,1
159,2,328,657,2.2,0,0,0.28,0.53,0
160,2,312,623,3.3,0,0,0.59,0.52,0
161,2,351,702,2.8,0,0,0.5,0.65,1
162,2,317,635,2.3,0,0,0.33,0.31,1
164,2,157,314,2,0,0,0.2,0.39,0
165,3,229,688,1.1,0,0,0,0.27,1
166,3,225,676,1.1,0,0,0,0.28,0
167,3,284,852,1.7,0,0,0.34,0,1
168,4,218,874,3,0,0,0.19,0.21,1
169,3,229,688,1.7,0,0,0.34,0,0
170,3,237,712,5,0,0,0.39,0,0
171,5,262,1310,3.2,0,0,0.29,0.19,1
172,2,164,328,1.6,0,0,0,0.17,1
173,2,43,86,0.6,0,0,0.09,0.41,1
174,2,161,323,0.6,0,0,0.27,0.04,0
175,1,258,258,0.8,0,0,0.15,0.79,1
176,2,178,356,2.4,0,0,0.05,0.34,0
177,1,164,164,1.4,0,0,0.28,0.21,0
178,3,271,813,2.3,0,0,0.2,0.41,1
179,3,66,197,1,0,0,0.11,0.05,0
180,2,138,276,1.5,0,0,0.4,0.08,1
181,4,180,719,1.9,0,0,0.36,0.34,1
182,6,183,1098,3.7,0,0,0.22,0.62,1
183,4,358,1433,3.4,0,0,0.25,0.58,1
184,2,157,315,1.2,0,0,0.31,0,1
185,2,136,272,1.1,0,0,0,0.17,0
186,2,116,232,1.1,0,0,0,0.13,0
187,2,218,437,1.7,0,0,0.4,0,1
188,2,173,346,2.1,0,0,0.21,0.14,0
189,2,156,312,2,0,0,0.24,0,0
190,2,145,290,2,0,0,0.2,0.15,0
191,5,248,1242,2.9,0,0,0.35,0.13,0
192,6,258,1545,5.3,0,0,0.23,0.13,1
193,3,179,537,1.8,0,0,0.1,0,0
194,3,171,514,2.2,0,0,0.15,0.12,0
195,3,475,1425,4.3,0,0,0.52,0.32,0
196,4,60,238,1,0,0,0.08,0,0
197,5,60,299,1.2,0,0,0.21,0.1,0
198,5,77,387,0.9,0,0,0.03,0.14,0
199,5,83,414,1.3,0,0,0.09,0.03,1
200,6,527,3160,9.7,0,0,0.43,0.3,1
201,2,77,155,1.4,0,0,0,0.21,0
202,2,366,731,3.1,0,0,0.59,0.2,0
203,5,61,305,2.4,0,0,0.2,0.14,1
204,2,162,324,1.5,0,0,0.31,0.22,0
205,3,89,266,1.6,0,0,0.39,0.82,0
206,2,157,315,1.4,0,0,0.2,0.1,0
207,2,209,418,3.2,0,0,0.48,0.14,0
208,5,131,657,3.6,0,0,0.14,0.2,0
209,4,164,656,2,0,0,0.13,0.12,0
210,3,82,246,1.8,0,0,0.16,0.76,1
211,5,130,583,1.8,0,0,0.1,0.11,1
212,3,129,388,1.8,0,0,0.1,0.11,1
213,6,222,1333,3,0,0,0.31,0.01,1
214,4,123,493,1.4,0,0,0.06,0.14,1
215,3,264,792,3.2,0,0,0.1,0.27,1
216,3,153,460,1.4,0,0,0.53,0.18,1
217,2,87,175,0.8,0,0,0.2,0.11,0
218,2,229,459,3.6,0,0,0,0.14,0
219,1,223,223,1.7,0,0,0.14,0,0
221,3,254,762,2.1,0,0,0.11,0,0
222,2,432,864,2.3,0,0,0.23,0.5,0
223,2,474,947,2.7,0,0,0.23,0.51,0
224,1,184,184,1.4,0,0,0.3,0.03,0
226,1,231,231,1.8,0,0,0.4,0,0
227,2,146,292,2,0,0,0.24,0.24,0
228,3,230,689,2.1,0,0,0.13,0,0
229,3,221,663,4.2,0,0,0.16,0.19,1
230,3,368,1105,4.8,0,0,0.18,0.23,1
231,3,322,965,3.8,0,0,0.26,0.19,1
232,3,235,704,1.7,0,0,0.5,0,0
233,3,233,700,2.1,0,0,0.58,0,0
235,2,336,672,2.3,0,0,0.24,0,1
236,2,181,362,2.2,0,0,0.22,0,0
239,2,349,699,2.1,0,0,0.31,0.17,1
241,2,158,317,1.2,0,0,0.18,0,0
243,2,146,292,2,0,0,0.27,0,0
245,4,138,550,1.2,0,0,0.09,0.15,1
246,3,108,325,1.4,0,0,0.43,0,1
248,2,279,572,2.3,0,0,0.07,0.06,1
249,6,309,1781,5.6,0,0,0.57,0.12,0
250,3,192,514,1.6,0,0,0.13,0.15,1
251,1,175,175,1.2,0,0,0.31,0,0
252,1,183,183,2.2,0,0,0.37,0.42,0
253,3,296,889,2.2,0,0,0.2,0.28,1
254,3,85,254,0.4,0,0,0.04,0.15,1
255,2,135,270,1.2,0,0,0,0.25,0
257,6,527,3160,9.7,0,0,0.43,0.3,1
259,3,201,603,1.7,0,0,0.26,0.26,0
260,3,276,827,1.4,0,0,0.36,0.49,0
261,3,149,447,1.2,0,0,0.23,0.05,1
262,5,248,1240,0.9,0,0,0.1,0.24,1
263,2,139,278,1.5,0,0,0.25,0.1,1
264,3,92,277,1,0,0,0.27,0.07,0
265,3,92,275,1.6,0,0,0.15,0.1,1
266,3,114,343,1,0,0,0.28,0.09,1
267,4,51,205,1.2,0,0,0.06,0.13,0
268,4,686,3169,5,0,0,0.4,0.43,1
270,4,93,374,1.9,0,0,0.18,0.15,0
271,3,82,245,1.3,0,0,0.41,0.04,0
273,1,259,259,1.3,0,0,0.19,0.18,1
274,3,332,996,3.5,0,0,0.25,0.04,1
275,2,276,551,1.4,0,0,0.36,0.49,1
276,3,283,850,1.9,0,0,0.71,0.37,1
277,3,146,437,1.1,0,0,0.26,0.25,1
278,3,266,799,2,0,0,0.07,0.08,1
279,3,235,704,1.8,0,0,0.27,0,0
280,3,227,680,1.8,0,0,0.04,0.27,1
282,3,198,594,1.9,0,0,0.27,0.03,0
283,3,174,523,1.3,0,0,0,0.27,0
284,4,148,523,2.6,0,0,0.48,0.3,0
285,2,201,403,1.5,0,0,0.27,0.27,0
287,1,413,413,4.2,0,0,0.82,1.23,0
288,2,179,357,1,0,0,0.29,0.22,0
289,2,215,429,1.7,0,0,0.29,0.04,0
290,2,215,429,1.7,0,0,0.36,0.33,0
293,5,324,1438,8.6,0,0,0.45,0.15,1
294,4,403,1428,3.4,0,0,0.4,0.58,1
295,4,89,356,0.6,0,0,0.4,0.08,0
296,4,356,1424,4.1,0,0,0.27,0.68,0
297,2,54,108,0.9,0,0,0.06,0.2,1
298,2,1341,2606,8.8,0,0,1.04,0.66,0
299,3,301,903,2.3,0,0,0.26,0.62,1
300,6,349,2094,3.6,1.6,1.8,0.05,0.11,0
301,2,53,105,1.1,0,0,0.15,0.12,0
302,2,103,205,1.8,0,0,0.14,0.18,0
304,3,107,322,0.8,0,0,0.44,0.27,1
305,3,147,442,1,0,0,0.44,0.15,1
306,3,155,464,0.9,0,0,0.27,0.07,0
307,2,78,156,0.9,0,0,0.57,0.14,0
308,3,469,1406,11.4,0.9,10.3,0,0,0
309,4,203,846,2.5,5.2,1.4,0,0,0
310,2,633,1265,5.5,0,0,1.46,0.65,0
314,3,479,1544,5.6,0,0,0.66,0.08,1
316,2,297,636,4.2,0,0,0.44,0,0
317,4,69,312,1.7,2.2,0.9,0,0,0
318,3,47,140,0.4,0,0,0.07,0.26,0
319,8,425,3403,6.7,1.7,5,0,0,0
321,3,531,1682,6.4,0,0,0.54,0.08,1
322,3,443,1572,6,0,0,0.61,0.15,0
323,3,460,1510,5.8,2.8,3.2,0.76,0.08,0
324,4,724,2728,8.2,1,1.3,0.39,0.36,0
325,3,429,1287,6.6,2.1,0.3,0.36,0,1
326,2.5,191,525,3.2,0,0,0.41,0.01,0
328,3,820,2460,7.9,0,0,0,2.1,1
330,3,807,2421,8.6,0,0,0,1.85,0
331,3,840,2520,7.1,5.9,0,0,1.67,0
332,3,333,998,3.7,0.8,2,0.39,0,0
333,3.5,580,2030,5.3,0,0,1.6,0,1
334,3,700,2100,37,0,0,1.83,0,0
335,3,921,2763,8.7,0,0,2.11,0,0
336,2,118,236,0.9,0.9,0,0.4,0.14,0
338,4,193,772,3.6,0,0,0.5,0,0
339,4,1447,5400,40,0,0,0.34,1.1,0
340,3,1300,3900,15.8,0,0,1.68,0.43,0
341,3,1643,4929,21.2,0,0,1.85,1.09,0
342,2,153,348,1.6,0,0,0.55,0.28,0
343,2,508,1016,2.5,0,0,0,0.16,1
344,2,240,425,4.2,0,0,0.71,0.37,0
345,3,974,2923,21.1,0,0,1.44,1.09,0
347,3,110,385,1.8,3.4,0.9,0,0,0
348,2,362,811,2.4,0,0,0.97,0.68,1
349,5,750,3750,8,9.8,6.5,0,0,0
350,3,366,1098,4.3,4.5,6.3,0.68,0.14,0
351,3,241,769,4.2,3.4,2.5,0.62,0.2,0
352,3,458,1583,9.8,0,2.2,1.83,0.16,0
353,3,400,1127,3.3,0,0,2.27,0.68,0
354,2,450,940,4.5,0,1.3,1.13,0.54,0
355,2,87,187,1.2,0,0,0.37,0.31,0
357,5,112,616,2.3,0,0,0,0,1
358,4,49,208,1.9,0,0,0.2,0.02,0
359,2,246,616,2.2,0,0,1.1,0.2,0
360,3,145,543,2.5,0,0,0.98,0.11,1
361,2,564,1128,6.6,0,0,1.4,0.37,0
363,2,562,932,8.3,8.4,6.6,0,0,0
364,2,213,425,5.9,1.5,5.1,0,0,0
365,3,804,2412,11.5,6.3,5.4,0.38,0.18,0
366,3,302,906,8.8,0,0,0.85,0.04,0
368,3,105,315,2.8,0.7,3.6,0,0,0
369,3,266,931,3.3,4,3.4,0,0,0
370,2,297,743,1.8,0,0,0.05,0.6,1
371,3,352,1232,2.2,0,0,1.3,0.87,1
372,2,165,413,2.4,0,0,0.77,0.25,0
373,2,69,173,0.7,0,0,0.19,0.41,0
374,2,206,283,2.6,2.1,2.1,0.26,0,0
375,4,477,1724,8.3,17.7,0,0,0.13,1
376,4,595,2495,9.8,23.1,0,0,0.02,1
377,2,180,390,1.3,0,0,0.64,0.26,0
378,5,830,4358,8,9.6,0,0,0,1
379,1,179,179,1.6,0,0,0.46,0.15,0
380,2,581,1162,5.3,0,0,1.56,0.74,0
381,2,109,218,1.8,0,0,0,0.39,0
382,2,915,1830,9.7,0,0,1.74,0.72,0
383,3,613,1838,13.9,3.2,2.1,0,2.11,0
384,3,812,2437,7.2,1,0,1.52,0.37,0
385,4,404,1616,6.8,0,0,0,1.15,0
386,2,686,1715,10.6,0,0,1.36,0.12,0
387,4,70,279,1.5,0,0,0.16,0.24,1
388,3,600,2060,8.1,3.9,2.9,0,0,1
389,3,147,441,1.8,4.7,0,0.15,0.16,0
390,2,668,1218,7.4,0,0,0.8,0.37,0
391,2,63,158,0.9,0,0,0.4,0.06,0
393,1.2,482,569,7.3,0,0,0.31,0.46,0
395,3,345,850,3,0,0,0.34,0,1
396,3.5,901,3437,16.3,7.4,31.5,0,0,0
397,3,56,196,0.6,0,0,0.05,0.18,1
400,2,172,282,2,0,0,0.43,0.31,0
401,2,321,803,2.8,0,0,1.14,0.21,0
402,3,453,1444,6,0,0,0.08,0.58,0
403,3,171,492,2.5,0,0,0.34,0.19,0
405,2,81,201,1,0,0,0.51,0,0
406,3,207,632,2.5,0,0,0.28,1.07,0
407,2,485,970,12.7,8.9,0.6,0,0,0
408,3,143,467,1,0,0,0.23,0.38,1
409,2,480,1200,2.5,0,0,0.96,0.74,1
411,4,2068,8272,23.4,1.2,1.5,1.8,1.52,0
412,6,978,5866,10,4.4,7.5,0.23,0,0
413,2,1050,2100,14.6,0.6,18.6,0,0,0
414,1,930,930,5.6,0,0,0.91,0.52,0
415,1,231,231,2.5,0,0,0.14,0.21,0
416,3,838,2512,10.8,0,0,1.64,0.56,1
417,3,805,2412,8.8,0,0,2.39,2.21,1
418,5,994,4975,13.2,0,0,0,0,1
419,5,426,2135,6,0,0,0,0,1
420,4,170,682,0,5.8,0.6,0,0,1
422,4,206,823,2.8,1.3,0.5,0,0,0
423,4,152,608,2.6,1,0.3,0,0,0
424,4,178,713,2.4,0.3,1.1,0,0,1
425,4,193,770,3.2,0.4,1,0,0,1
426,4,162,630,4,0.5,1,0,0,0
429,5,122,608,2.8,0.3,0.9,0,0,1
430,4,195,780,3,0.7,1.2,0,0,0
432,4,197,789,3.2,0.4,1.4,0,0,1
433,4,232,930,4.2,0.8,3.1,0,0,1
434,4,227,908,4.2,0.6,0.9,0,0,1
435,4,160,642,2.9,2.2,1.5,0,0,0
436,4,249,995,3.5,0,1.4,0,0,1
437,4,249,995,3.1,3.2,1.3,0,0,1
439,3,444,1332,7.4,6.3,1.5,0.26,0.03,1
440,3,650,1950,3.9,8.6,1.8,0.24,0.18,1
441,4,252,1006,3.4,1.9,0.4,0,0,0
442,5,203,1014,6,0.8,0.7,0,0,0
443,4,155,618,2.8,1,0.4,0,0,0
444,4,183,731,3.3,0.5,1.3,0,0,0
445,4,153,610,1.9,2.9,0,0,0,1
446,3,209,625,3.7,3.3,0.4,0,0,1
447,4,196,784,3.4,1.9,1.1,0,0,0
448,4,265,1058,3.2,2.7,3.5,0,0,0
449,4,223,890,4.8,2.4,0.6,0,0,1
451,4,210,837,4.2,0.5,0.7,0,0,1
452,3,60,180,0,2.5,0,0,0,0
454,3,60,180,0,2.5,0,0,0,0
455,4,215,861,2.7,2.1,1.1,0,0,1
456,4,228,911,2.2,0,5.9,0,0,0
457,4,146,583,3.3,0.9,1.6,0,0,0
459,4,245,978,3.5,1,0.6,0,0,0
460,4,182,727,3.9,0.9,0.5,0,0,1
461,4,221,884,3.6,0.5,1.7,0,0,1
462,4,173,691,2.9,0.5,2.2,0,0,1
463,4,244,975,5.6,0.3,0.3,0,0,0
464,4,162,623,2.5,1.3,0.4,0,0,1
465,4,158,651,2.7,0.3,1.1,0,0,0
466,4,193,772,1.7,1.2,1.9,0,0.07,0
468,4,229,913,5.7,0.5,1.9,0,0,1
469,4,236,943,3.9,2.5,2.5,0,0,0
470,4,235,938,7.6,0.6,1.9,0,0,0
471,4,180,719,5.7,0.5,1.9,0,0,0
472,4,250,999,3.1,1,0.4,0,0,0
473,4,278,1112,4.3,1.2,0.5,0,0,0
474,4,201,802,3.7,0,1.2,0,0,1
475,4,193,772,0.7,0.6,11.7,0,0,1
476,4,178,711,3.5,2,0.6,0,0,0
477,3.5,895,3131,7.8,0,0,1.78,0.41,0
478,5,102,509,2.6,0.6,1.5,0,0,0
479,5,167,832,3.9,1,3,0,0,0
480,6,3290,19738,10.9,37.3,44,0,0,0
481,4,193,771,4,0.4,3.7,0,0,1
482,4,247,985,3.3,1.1,0.5,0,0,1
483,4,223,890,4,0.9,0,0,0,0
484,4,164,654,3.3,0.9,0.5,0,0,0
486,4,220,879,3.4,0.5,0.4,0,0,0
487,4,215,862,3.8,0.5,0.6,0,0,0
488,4,128,513,3.2,0.1,1.4,0,0,0
489,2,85,169,1.6,2.8,0.8,0,0,0
491,5,332,1662,0,22.52,17.42,0,0,0
492,5,285,1426,4.04,0,0,0.362,0,1
493,5,217,1086,5.18,0,0,0.665,0,0
494,5,217,1086,5.18,0,0,0,0.665,1
496,5,251,1256,6.85,0,0,0.168,0.645,0
497,5,415,2077,7.59,0.38,0.83,0.806,0.646,1
498,5,268,1341,3.84,0,0.4,0.46,0.268,1
501,3,316,949,3.18,0,0,0.291,0.135,1
502,3,134,402,1.2,0,0,0,0.337,0
503,3,258,775,3.94,0,0,0.514,0.204,1
504,4,263,1053,3.74,0,0.48,0.194,0.26,1
505,4,350,1401,4.58,0,0,0.274,0.591,0
506,4,438,1754,6.41,0,0,0.376,0.115,1
509,4,336,1345,5.23,0,0,0.884,0,0
510,5,218,1091,5.18,0,0,0.665,0,1
512,5,218,1091,5.18,0,0,0.665,0,1
513,4,191,765,1.43,0.49,0,0.143,0.264,0
514,4,191,765,1.43,0.49,0,0.143,0.264,0
515,5,262,1311,3.9,0,0,0.336,0.388,0
516,3,596,1787,6.46,0,0,1.058,1.601,1
517,2,529,1057,5.41,0,0,0.651,1.951,0
518,4,525,2098,8,5.56,7.5,0.85,0.328,0
519,3,281,844,3.45,5.52,3.93,0.198,0.19,0
521,2,586,1171,6.46,0,0,1.172,1.871,0
522,2,590,1179,6.46,0,0,1.103,1.576,0
523,2,590,1179,6.46,0,0,1.193,1.686,0
524,3,596,1787,6.46,0,0,0.74,1.836,1
525,3,596,1787,6.46,0,0,0.926,1.601,1
526,3,596,1787,6.46,0,0,0.926,1.601,1
527,3,194,583,4.76,2.52,0.9,0.165,0.617,0
529,3,596,1787,6.46,0,0,1.275,0.539,1
530,3,596,1787,6.46,0,0,1.142,1.25,0
531,3,596,1787,6.46,0,0,1.715,0.74,0
533,3,596,1787,6.46,0,0,0.896,1.601,1
534,4,524,2094,7.95,2.54,3.62,0.936,0.901,0
535,4,381,1526,5.9,3.57,3.22,0.511,0.297,1
536,4,596,2382,6.46,0,0,0.732,1.493,1
537,3,596,1787,6.46,0,0,1.058,1.437,1
538,4,396,1586,5.75,4.46,3.15,0.367,0.445,0
539,4,336,1345,4.75,0,0,0.173,0.712,0
540,5,319,1597,5.66,0.39,0.32,0.284,0.214,0
541,3,596,1787,6.46,0,0,0.768,1.484,1
542,4,766,3063,5.69,11.12,8.01,0.408,0.542,0
543,4,766,3063,5.69,11.12,8.01,0.408,0.542,1
544,4,766,3063,5.69,11.12,8.01,0.408,0.542,1
545,4,896,3584,9.79,8.82,7.42,0.973,0.098,0
546,4,766,3063,5.69,11.12,8.01,0.408,0.542,0
547,4,191,766,3.2,0.37,0.4,0,0,1
548,4,210,842,3.89,0.27,0.39,0,0,0
549,5,151,757,3.97,0.25,0.59,0,0,1
550,5,191,956,3.94,1.12,1.94,0,0,0
551,4,99,395,2.16,0,0,0,0,0
554,3,333,998,2.19,0.39,0.65,0,0,0
556,3,336,1008,5.82,0.03,0.76,0,0,0
557,5,172,861,3.57,0,0,0,0,1
558,4,220,879,4.05,0,0,0,0,1
559,3,112,335,2.25,0.37,0.19,0,0,1
560,6,186,1115,4.9,0.34,0.29,0,0,0
561,6,482,2891,8.29,1.54,4.93,0,0,1
562,3,126,377,2.24,0.27,0.13,0,0,1
563,2,123,247,2.46,0.28,0.34,0,0,0
564,6,341,2048,6.51,0.55,0.42,0,0,1
565,6,227,1363,8.5,0.1,0.75,0,0,1
566,4,150,601,2.6,1.15,0,0,0,0
568,4,691,2763,10.61,0,0,0,0,0
569,6,325,1952,10.16,0.16,1.27,0,0,1
570,5,253,1263,3.75,0.1,0.62,0,0,1
571,5,185,927,3.9,0.18,0.11,0,0,1
573,5,85,423,2.26,0.74,0.35,0,0,0
574,6,223,1340,4.5,2.24,0.65,0,0,0
575,5,213,1066,4.6,0,0,0,0,1
576,5,414,2070,7.93,0.43,1.08,0,0,1
577,5,353,1767,4.3,0.12,1.15,0,0,1
578,4,551,2202,8.62,1.1,2.17,0,0,0
579,5,177,886,3.31,0.89,0.42,0,0,1
580,6,382,2294,6.79,4.63,1.41,0,0,1
581,5,177,883,3.47,0.13,0.2,0,0,1
582,6,231,1387,4.44,0.24,0.87,0,0,1
583,4,130,521,3.18,0.15,0.27,0,0,0
584,5,202,1011,4.32,0.25,0,0,0,0
586,4,342,1369,4.87,0.4,1.24,0,0,1
587,5,122,611,2.55,0.1,0.19,0,0,1
588,6,405,2433,4.81,1.82,2.74,0,0,0
589,5,271,1356,8.49,0.31,0.75,0,0,0
590,5,446,2232,6.75,0.36,0.87,0,0,1
591,6,196,1177,5.3,0.12,0.38,0,0,0
592,4,178,713,4.35,0.05,0.22,0,0,1
596,5,531,2653,9.61,3.3,3.08,0,0,0
597,3,183,550,3.54,0,0.39,0,0,0
598,4,196,785,4.26,0.1,0.13,0,0,1
599,3,108,324,2.1,0.13,0,0,0,0
600,5,90,450,4.2,0.63,0.37,0,0,0
601,5,299,1497,6.01,0.14,0.23,0,0,0
603,5,243,1216,5.31,0.07,0.08,0,0,0
604,3,78,234,2.5,0.2,0.8,0,0,0
605,5,125,626,3.45,0,0.2,0,0,0
606,5,260,1301,6.31,0.38,0.12,0,0,1
607,5,249,1246,3.7,0.06,0.17,0,0,1
608,5,144,721,2.8,0.49,0.09,0,0,1
609,5,232,1161,2.85,0.76,1.14,0,0,0
610,5,293,1467,6.55,0.55,0,0,0,1
611,3,105,315,1.62,0.12,0.11,0,0,0
612,3,113,339,1.95,0.06,0.09,0,0,0
613,4,385,1539,5.89,0.45,0.18,0,0,0
614,4,409,1635,7.6,0.11,0.3,0,0,0
615,4,450,1802,3.72,3.68,1.64,0,0,0
616,5,267,1336,2.8,3.33,4.35,0,0,0
617,6,246,1478,3.21,2.1,0.79,0,0,1
618,6,246,1478,3.21,1.88,0.6,0,0,1
619,5,250,1251,4,0,1.34,0,0,0
620,1,124,124,2.91,0,0,0,0,0
621,5,726,3629,8.57,7.95,1.89,0,0,1
622,3,96,288,1.5,0.29,0,0,0,0
623,5,158,788,2.74,1.33,0.03,0,0,0
624,4,217,867,3.62,0.12,0.08,0,0,1
625,6,265,1590,3.14,2.1,1.98,0,0,0
626,5,220,1098,3.18,1.07,1.09,0,0,1
627,5,155,776,3.08,0.23,0.2,0,0,0
628,5,120,602,2.5,0.35,0.46,0,0,0
629,6,511,3068,6.33,1.96,3.61,0,0,0
630,4,146,584,1.67,2.07,0.92,0,0,1
632,3,206,619,2.75,0.24,0.89,0,0,1
633,6,462,2775,7.61,2.35,0.8,0,0,0
634,3,108,324,2.35,0.15,0.03,0,0,0
635,4,125,501,3.4,0.96,0.57,0,0,0
636,5,374,1872,7.91,2.16,1.62,0,0,0
637,6,492,2949,11.21,0.79,0.72,0,0,0
639,4,116,464,1.6,0.23,0.04,0,0,0
641,4,138,550,2,0.37,0.6,0,0,0
642,4,157,626,1.75,0.81,0.79,0,0,1
644,5,118,588,1.95,1.17,0.43,0,0,1
645,3,124,372,3.75,0.11,0.2,0,0,0
646,6,250,1502,5.11,0.82,1.39,0,0,0
648,3,108,324,1.7,0.1,0.19,0,0,0
649,6,438,2631,9.26,2,0,0,0,0
651,4,134,537,1.87,0.79,0.54,0,0,0
652,2,207,414,1.86,0.7,0.21,0,0,0
653,4,127,509,2.35,0.62,1.04,0,0,0
654,4,100,400,1.68,0.33,0,0,0,0
655,4,147,589,2.88,0,0,0,0,0
656,4,172,689,3.57,0.11,0.69,0,0,0
657,4,130,521,2.43,0.09,0.39,0,0,0
658,4,146,585,2.6,0.17,0.1,0,0,0
659,2,133,266,2.13,0.27,0,0,0,0
660,3,113,339,2.43,0,0.16,0,0,1
661,3,93,279,1.4,0.48,0.7,0,0,0
662,6,257,1544,3.14,1.78,1.44,0,0,0
664,4,139,557,2.14,0.64,0.02,0,0,1
666,1,77,77,0.72,0,0,0,0,1
667,1,91,91,1.51,0,0,0,0,0
668,3,1070,3210,8.71,0,2.11,0,0,1
669,4,152,607,2.78,0.31,0.19,0,0,0
670,2,337,673,5.11,0,0.75,0,0,0
671,2,681,1361,0,2.24,1.65,0,0,0
673,4,236,945,4.5,0.4,0.44,0,0,0
674,4,156,625,2.85,0.69,0.32,0,0,1
677,2,134,268,1.68,0.3,0.1,0,0,0
680,1,52,52,0.3,0.21,0,0,0,0
681,2,75,150,1.12,0.29,0.07,0,0,0
682,3,132,396,2.32,0.36,0.14,0,0,0
683,3,140,420,2.5,0.17,0.07,0,0,0
684,2,86,172,1.4,0.07,0.14,0,0,0
685,2,46,93,0,0.33,0.3,0,0,0
686,2,117,234,1.76,0.15,0.36,0,0,0
687,2,130,260,2.52,0.05,0.18,0,0,0
688,3,323,970,4.4,1.14,0.23,0,0,0
689,6,158,949,4.5,0,0,0,0,1
690,2,90,180,0.77,0.23,0.08,0,0,0
691,2,110,220,2,0.08,0.06,0,0,0
692,2,179,358,2.65,0.6,0.26,0,0,0
693,2,157,314,2.5,0.14,0.06,0,0,0
694,3,130,390,1.28,0.23,0.22,0,0,0
695,2,173,346,2,0.08,0.13,0,0,0
696,2,97,194,1.6,0.18,0.32,0,0,0
698,2,129,257,2,0.37,0.11,0,0,0
699,2,135,269,1.47,0.06,0.06,0,0,0
700,1,118,118,1.22,0.45,0.07,0,0,0
701,1,92,92,0.72,0.14,0.1,0,0,0
702,3,165,494,2.3,0.23,0.29,0,0,0
704,2,125,250,1.3,0.18,0.22,0,0,0
705,2,166,333,2.7,0.19,0.13,0,0,0
706,1,144,144,1.8,0.08,0.26,0,0,0
707,1,101,101,1.1,0,0.12,0,0,0
708,3,119,358,1.8,0.44,0.12,0,0,0
709,1,83,83,0.28,0.21,0,0,0,0
710,2,85,170,1.6,0.07,0.52,0,0,0
712,2,122,243,1.3,0.08,0.12,0,0,0
713,4,126,505,1.35,0.13,0.06,0,0,0
714,3,252,755,2.6,0.3,0.05,0,0,0
715,2,136,272,1.6,0.24,0.06,0,0,0
716,1,161,161,2.6,0.15,0.11,0,0,0
717,2,90,180,1.3,0.04,0.2,0,0,0
718,1,122,122,1.4,0.05,0.17,0,0,0
719,2,111,222,1.37,0.19,0.09,0,0,0
720,3,130,391,1.97,0.16,0.09,0,0,0
721,2,135,269,1.3,0.21,0.14,0,0,0
723,2,142,285,1.7,0.17,0.16,0,0,0
724,3,272,817,6.41,0.55,0,0,0,0
725,2,100,200,1.24,0.28,0.07,0,0,0
726,2,96,191,2.12,0.4,0.08,0,0,0
727,3,94,282,2.3,0,0,0,0,1
729,1,141,141,2.39,0.13,0.15,0,0,0
731,1,106,106,0.96,0,0.08,0,0,0
733,3,130,390,1.63,1.52,0.76,0,0,0
734,2,116,232,1.06,0.34,0,0,0,0
735,2,69,139,0.6,0.07,0.16,0,0,0
736,2,248,497,2.35,0.5,0.59,0,0,0
737,1,56,56,1.16,0.14,0.15,0,0,0
738,3,151,453,2.88,0.27,0.19,0,0,0
740,1,87,87,0.63,0.17,0.32,0,0,0
741,2,118,236,1.88,0.63,0.19,0,0,0
742,2,122,244,2,0.3,0,0,0,0
743,2,118,236,1.8,0.13,0.19,0,0,0
744,1,123,123,1.54,0,0.36,0,0,0
745,1,369,369,1.35,1.38,0.53,0,0,0
746,3,453,1360,7.66,1.13,0.08,0,0,0
747,3,242,727,4.7,1.06,0,0,0,0
748,1,53,53,0.72,0,0.17,0,0,0
750,2,110,220,1.1,0,0,0,0,0
751,2,150,300,1.2,0,0.24,0,0,0
752,2,95,190,1.1,0,0.13,0,0,0
753,2,95,190,1.2,0,0.18,0,0,0
754,2,147,294,0.96,0.05,0,0,0,0
755,2,77,154,0.65,0.03,0,0,0,0
756,4,429.75,1719,3.29,4.4,0.37,0.58,1.005,0
757,1,376,376,5.61,0,0,0,0,0
758,3,413.666666666667,1241,4.3,0,0.41,1.241,0.955,0
759,3,648.666666666667,1946,3.47,4.44,13.51,1.393,1.276,0
761,1,902,902,6.46,0,0,0,0,0
762,3,343.666666666667,1031,7.61,0,1.68,1.072,2.133,0
763,3,511.666666666667,1535,7.55,0.6,1.66,1.241,0.794,0
764,3,414.666666666667,1244,5.21,0,0,1.244,0.871,0
765,2,253.5,507,3.13,0,0,1.317,1.064,0
766,4,420.5,1682,6.27,0,0,0.841,1.514,0
767,1,502,502,4.32,0,0,0,0,0
768,1,256,256,2.16,0,0,0,0,0
769,2,638.5,1277,5.41,0,0,1.277,1.661,0
770,2,436.5,873,4.86,0,0,0.611,1.309,0
772,1,604,604,6.98,0,0,0,0,0
773,3,628.666666666667,1886,6.87,0,0,0.943,1.509,1
774,3,433.333333333333,1300,3.81,0,0,0.52,1.3,1
775,3,413.666666666667,1241,3.92,0,0.35,0.993,1.015,0
776,3,345.666666666667,1037,3.54,0.18,0,0.961,0.83,0
777,3,124.666666666667,374,1.5,1.05,0,0.259,0.3,0
778,3,339.333333333333,1018,4.72,0,0,0.713,0.916,0
779,3,285.333333333333,856,4.2,0,0,0.941,0.77,0
781,4,128,512,1.35,2.7,3.6,0,0.233,0
782,4,249.25,997,2.04,2.49,3.6,0,0,0
785,3,159.666666666667,479,1.5,4.77,1.68,0.26,0.284,0
786,3,653.666666666667,1961,8.69,0,6.97,0.588,1.073,0
787,5,193.2,966,1.8,3.4,4.62,0,0,0
788,5,193.2,966,1.8,3.4,4.62,0.074,0.302,0
790,4,162.5,650,3.36,0,0,0.39,0.845,0
791,4,298.5,1194,4.93,0.63,6.54,0.564,1.345,0
792,3,336.666666666667,1010,3.8,4.68,8.07,0,1.123,0
793,3,283,849,5.31,4.68,6.1,0,1.034,0
794,3,169.333333333333,508,3.9,0,0,0,0.305,0
795,2,195,390,2.33,0,0,0.429,0.429,0
796,4,870.75,3483,4.03,5.15,9.51,1.123,1.286,0
797,2,415.5,831,3.96,0,0,0.499,0.831,0
798,3,566.666666666667,1700,1.12,0.23,7.12,1.47,0.872,0
800,1,328,328,4.08,0,1.2,0,0,0
801,1,211,211,1.8,0,1.8,0,0,0
802,4,129.5,518,2.3,0,0,0.207,1.397,1
803,6,441.5,2649,7.85,0,0,0.795,0.53,1
804,4,256,1024,4.32,0,0,1.229,0.41,1
805,2,898,1797,6.21,0,0,0,0.949,1
806,1,577,577,2,0,0,0,0.168,0
808,2,155,310,1.4,0,0,0.102,0,0
809,3,96,287,0.74,0,0,0.374,0.174,1
810,2,146,291,0.63,0,0,0.22,0.301,1
811,2,224,449,0.75,0,0,0.255,0.36,0
813,2,170,340,1.16,0,0,0.57,0.309,1
814,2,294,587,2.61,0,0,0.435,0.212,0
815,1,253,253,2.33,0,0,0.165,0.119,1
816,2,278,555,3.23,0,0,0,0.392,0
817,3,279,838,3.26,0,0,0.832,0.233,1
819,2,129,258,0.41,0,0,0.301,0.622,0
820,2,322,645,2.99,0,0,0.724,0.619,0
821,2,117,234,1.41,0,0,0.178,0.084,1
822,2,257,514,0.7,0,0,0.46,0.374,0
823,2,224,449,1.03,0,0,0.027,0.58,0
824,2,141,281,1.34,0,0,0.11,0.308,0
825,2,143,287,0.6,0,0,0.158,0.394,0
826,3,643,1934,5.72,0,0,0.652,1.028,0
827,2,93,192,1.2,0,0,0.159,0,0
828,2,165,336,1.84,0,0,0,0.186,0
829,2,115,235,1.32,0,0,0.04,0.439,0
830,4,521,2090,3.74,0,0,0.813,1.21,0
831,4,417,1672,2.51,0,0,0.646,0.698,1
832,1,397,397,4.02,0,0,0.394,0.487,0
833,2,502,1004,4.99,0,0,1.031,0.42,1
834,2,711,1422,6.66,0,0,0.695,0.352,1
835,2,225,450,4.15,0.87,0.43,0.938,0.403,0
836,3,256,769,2.92,0,0,0.58,0.217,0
837,4,444,1774,5.02,0,0,0.57,0,1
838,3,191,683,2.39,0,0,0.515,0.59,0
839,3,218,766,2.66,0,0,0.321,0,1
840,4,324,1462,5.32,0,0,0.34,0.222,0
841,2,947,1895,6.21,0,0,0,1.652,1
842,1,798,798,2.82,0,0,0,0.455,0
843,3,379,1137,2.39,0,0,0.199,0.113,0
844,2,159,318,1.27,0,0,0.189,0.247,0
845,1,356,356,2.67,0,0,0,0.242,1
846,2,223,446,0.44,0,0,0,0,0
847,3,135,404,1.42,0,0,0,0.313,1
848,2,238,476,1.86,0,0,0,0,1
849,2,162,325,1.24,0,0,0.194,0.099,1
850,3,257,770,0.93,0,0,0,0,1
851,2,564,1129,3.51,0,0,0,0.22,1
852,2,338,676,2.94,0,0,0.35,0,0
853,3,136,407,1.34,0,0,0.208,0,1
854,1,288,288,4.22,0,0,0,0,0
855,2,233,466,3.8,0,0,0,0.553,0
856,3,233,700,3.8,0,0,0,0.553,0
857,2,85,170,0.47,0,0,0.183,0.082,0
858,2,74,149,0.51,0,0,0.145,0,1
859,1,213,213,1.98,0,0,0.085,0.357,0
860,2,73,145,0.63,0,0,0.379,0.004,1
861,2,90,180,0.6,0,0,0.331,0.058,1
862,2,270,540,1.03,0,0,0.282,0.422,1
863,1,172,172,0.81,0,0,0.059,0,0
867,12,1009,12109,17.61,5.41,5.41,0,0,0
868,3,211,632,3.79,0,0,0,0.363,1
869,3,228,683,1.53,3.73,0,0.744,0,0
870,3,246,739,2.14,3.73,0,0.535,0,0
871,2.5,179,447,1.27,0,0,0,0.271,0
872,2,202,405,1.45,0,0,0,0,1
873,3,117,351,1.27,0,0,0.28,0,0
874,2.5,147,367,1.04,0,0,0.106,0,0
875,4,804,3216,7.05,0,0,2.141,1.585,0
876,4,193,771,2.15,0,0,0,0.011,0
877,3,493,1479,2.5,0,0,0.181,1.302,0
878,3,381,762,3.5,0,0,0,0.116,1
880,4,193,578,3.92,0,0,0.248,0.16,0
882,2,967,1934,4.65,0,0,2.753,2.827,0
884,2,251.5,503,1.25,0,0,0.316,0.67,0
885,0.5,1086,1086,6.7,0,0,0.605,0.809,1
886,2,293,586,0.65,0,0,0.191,0.174,0
888,2,110.5,221,1.94,0,0,0.108,0.538,0
889,2,130,260,0.07,0,0,0.113,1.819,1
890,2,133.5,267,1.2,0,0,0.279,0.428,0
891,2,66.5,133,0.6,0,0,0.215,0.192,1
892,2,254,508,0.11,0,0,0.372,0.549,1
893,2,175,350,0.23,0,0,0.521,0.614,1
894,5,337.2,1686,3.91,0,0,0.623,0,1
895,2,60,120,0.47,0,0,0.214,0.279,1
896,0.5,101,101,1.35,0,0,0.223,0.567,0
897,2,149.5,299,0.62,0,0,0.298,0.217,1
898,2,66,132,1.15,0,0,0.181,0.047,0
900,2,251,502,1.08,0,0,0.358,0.482,0
901,1,181,181,0.89,0,0,0.206,0.221,0
902,2,127,254,0.29,0,0,0.259,0.488,1
903,2,188.5,377,1.3,0,0,0.416,0.076,1
904,3,62.3333333333333,187,0.77,0,0,0.307,0.53,0
905,1,299,299,0.93,0,0,0.586,0.512,0
906,2,39,78,0.36,0,0,0.186,0.084,0
907,6,1038.5,6231,8.77,4.74,2.42,0.549,0.791,1
909,2,563.5,1127,3.41,0,0,0.725,0,0
911,2,257,514,0.77,0,0,0.192,0.174,0
912,2,691,1382,1.53,0,0,0.305,0.564,0
913,2,196.5,393,1.65,0,0,0.465,0.344,0
914,3,282.666666666667,848,2.68,0,0,0.465,0.109,0
915,2,118.5,237,0.42,0,0,0.126,0.03,1
916,3,63.6666666666667,191,0.71,0,0,0.595,0.102,0
917,3,167.333333333333,502,2.33,0,0,0.251,0.558,0
918,3,452,1356,3.26,0,0,0.512,0.567,0
919,2,1047.5,2095,4.81,0,0,0.227,0.442,0
920,3,608.333333333333,1825,3.96,0,0,0.261,0.5,0
921,4,530,2120,3.75,0,0,0.149,0.907,0
922,2,792,1583,6.22,0,0,0,1.389,1
923,1,160,160,0.28,0,0,0,0.536,0
924,1,419,419,3.98,0,0,0,0.434,1
925,1,531,531,4.76,0,0,0.484,1.212,0
926,1,419,419,3.98,0,0,0,0.434,1
927,3,134,402,2.93,0,0,0,0.446,0
928,2,327,654,2.88,0,0,0,0.682,0
931,2,137,274,1.4,0,0,0.034,0.282,0
933,2,62,134,0.84,0,0,0,0.059,1
934,2,185,370,1.4,0,0,0.439,0.107,0
935,2,99,203,0.28,0,0,0.107,0.107,0
936,1,1453,1453,2.6,0,0,0,0,1
937,2,103,207,2,0,0,0,0.112,0
938,2,423,423,2.87,0,0,0,1.011,0
941,2,87,180,0.12,0,0,0.483,0.995,0
942,2,46,96,0,0,0,0.295,0.147,1
943,3,249,751,4.09,0,0,0.512,1.256,0
944,2,47,99,0,0,0,0.323,0.271,0
945,2,110,226,1.62,0,0,0.065,0.081,1
946,3,127,386,0.77,0,0,0.961,0.341,1
948,2,76,157,0.19,0,0,0.446,0.112,1
950,2,95,190,0.37,0,0,0,0.174,1
951,2,123,245,0.3,0,0,0.105,0.288,0
952,3,81,244,1.65,0,0,0,0,1
953,8,1260,10083,2.6,12.18,11.91,0,0,0
954,2,98,196,0.17,2.2,2.54,0,0,0
955,3,280,839,2.23,0,0,0.335,0.423,0
956,2,146,292,0.64,0,0,0.047,0,1
957,3,76,256,0.53,0,0,0,0,1
958,2,199,398,0.39,0,0,0.184,0,1
959,2,284,622,3.97,0,0,0.744,0,0
960,4.5,339,1721,7.53,0,0,0.545,0,0
961,5,941,4703,24.56,0,0,0.471,0.738,0
962,3,121,364,1.67,0,0,0,0,1
963,5,831.2,4156,8.65,0,0,1.874,2.491,1
964,6,1448,8688,12.58,0,0,2.926,3.01,0
965,6,1448,8688,12.58,0,0,2.926,3.01,0
967,6,1448,8688,12.58,0,0,2.926,3.01,0
968,10,1734.4,17344,17.53,0,0,6.703,4.008,0
969,3,711.666666666667,2135,7.07,0,0,2.897,1.409,1
970,5,142.8,714,2.42,0,0,0.742,0.706,1
971,5,142.8,714,2.42,0,0,0.742,0.706,0
972,5,142.8,714,2.42,0,0,0.742,0.706,0
973,5,142.8,714,2.42,0,0,0.742,0.706,0
974,5,142.8,714,2.42,0,0,0.742,0.706,0
975,5,142.8,714,2.42,0,0,0.742,0.706,0
976,5,142.8,714,2.42,0,0,0.742,0.706,0
980,5,142.8,714,2.42,0,0,0.742,0.706,0
981,5,142.8,714,2.42,0,0,0.742,0.706,1
982,5,142.8,714,2.42,0,0,0.742,0.706,0
983,5,142.8,714,2.42,0,0,0.742,0.706,0
984,5,142.8,714,2.42,0,0,0.742,0.706,0
985,5,142.8,714,2.42,0,0,0.742,0.706,0
986,5,142.8,714,2.42,0,0,0.742,0.706,0
987,5,142.8,714,2.42,0,0,0.742,0.706,1
988,5,142.8,714,2.42,0,0,0.742,0.706,1
990,5,142.8,714,2.42,0,0,0.742,0.706,1
991,5,142.8,714,2.42,0,0,0.742,0.706,0
992,5,142.8,714,2.42,0,0,0.742,0.706,0
993,5,142.8,714,2.42,0,0,0.742,0.706,0
994,4,1014,4056,9.53,0,0,1.242,1.425,0
995,5,994.4,4972,10.24,0,0,1.519,1.96,0
996,7,880.142857142857,6161,9.75,0,0,2.174,1.682,0
997,7,880.142857142857,6161,9.75,0,0,2.174,1.682,0
999,5,744.2,3721,6.72,0,0,1.225,1.177,0
1000,1,1279,1279,6.07,0,0,0.8,1.009,0
1001,3,2347.66666666667,7043,16.97,0,0,6.477,5.45,0
1002,5,4878.2,24391,40.68,1.45,6.28,15.627,13.404,0
1003,2,954.5,1909,8.69,0,0,2.172,3.249,0
1004,1,113,113,1.28,0,0,0,0,0
1005,8,1109.875,8879,11.42,0,3.22,1.538,2.058,0
1006,8,1109.875,8879,11.42,0,3.22,1.538,2.058,0
1008,8,822.5,6580,12.72,0,0,3.668,1.429,0
1009,8,822.5,6580,12.72,0,0,3.668,1.429,0
1010,8,822.5,6580,12.72,0,0,3.668,1.429,0
1011,5,1077.6,5388,11.76,0,0,4.315,1.087,1
1012,5,1077.6,5388,11.76,0,0,4.315,1.087,1
1013,5,1077.6,5388,11.76,0,0,4.315,1.087,1
1014,5,1077.6,5388,11.76,0,0,4.315,1.087,1
1015,5,1077.6,5388,11.76,0,0,4.315,1.087,1
1017,5,1077.6,5388,11.76,0,0,4.315,1.087,0
1019,4,432.75,1731,4.19,0,0,1.191,0.588,1
1021,4,432.75,1731,4.19,0,0,1.191,0.588,1
1022,4,432.75,1731,4.19,0,0,1.191,0.588,1
1023,2,1324.5,2649,14.48,0,0,1.877,1.877,0
1024,2,1324.5,2649,14.48,0,0,1.877,1.877,0
1026,6,363.166666666667,2179,5.25,1.64,2.35,1.038,2.204,0
1027,6,363.166666666667,2179,5.25,1.64,2.35,1.038,2.204,0
1028,6,363.166666666667,2179,5.25,1.64,2.35,1.038,2.204,0
1029,6,363.166666666667,2179,5.25,1.64,2.35,1.038,2.204,0
1030,6,363.166666666667,2179,5.25,1.64,2.35,1.038,2.204,0
1031,6,363.166666666667,2179,5.25,1.64,2.35,1.038,2.204,0
1032,6,363.166666666667,2179,5.25,1.64,2.35,1.038,2.204,0
1033,6,363.166666666667,2179,5.25,1.64,2.35,1.038,2.204,0
1035,6,363.166666666667,2179,5.25,1.64,2.35,1.038,2.204,0
1036,6,363.166666666667,2179,5.25,1.64,2.35,1.038,2.204,1
1037,6,363.166666666667,2179,5.25,1.64,2.35,1.038,2.204,0
1038,6,363.166666666667,2179,5.25,1.64,2.35,1.038,2.204,0
1039,6,363.166666666667,2179,5.25,1.64,2.35,1.038,2.204,1
1040,6,363.166666666667,2179,5.25,1.64,2.35,1.038,2.204,0
1041,6,363.166666666667,2179,5.25,1.64,2.35,1.038,2.204,0
1043,6,363.166666666667,2179,5.25,1.64,2.35,1.038,2.204,0
1044,6,363.166666666667,2179,5.25,1.64,2.35,1.038,2.204,0
1045,6,363.166666666667,2179,5.25,1.64,2.35,1.038,2.204,0
1046,6,323.5,1941,5.49,0.71,1.52,0.956,2.141,1
1047,6,323.5,1941,5.49,0.71,1.52,0.956,2.141,0
1048,6,323.5,1941,5.49,0.71,1.52,0.956,2.141,0
1051,6,323.5,1941,5.49,0.71,1.52,0.956,2.141,0
1052,6,323.5,1941,5.49,0.71,1.52,0.956,2.141,0
1053,6,323.5,1941,5.49,0.71,1.52,0.956,2.141,0
1054,6,323.5,1941,5.49,0.71,1.52,0.956,2.141,0
1055,6,323.5,1941,5.49,0.71,1.52,0.956,2.141,0
1056,6,323.5,1941,5.49,0.71,1.52,0.956,2.141,0
1057,6,323.5,1941,5.49,0.71,1.52,0.956,2.141,0
1058,6,298.833333333333,1793,4.66,0.93,1.96,0.922,1.723,1
1059,6,298.833333333333,1793,4.66,0.93,1.96,0.922,1.723,1
1060,6,298.833333333333,1793,4.66,0.93,1.96,0.922,1.723,1
1061,6,298.833333333333,1793,4.66,0.93,1.96,0.922,1.723,0
1062,6,298.833333333333,1793,4.66,0.93,1.96,0.922,1.723,0
1063,6,298.833333333333,1793,4.66,0.93,1.96,0.922,1.723,0
1065,6,298.833333333333,1793,4.66,0.93,1.96,0.922,1.723,0
1066,6,287.166666666667,1723,4.01,1.55,2.31,0.889,1.78,0
1067,6,287.166666666667,1723,4.01,1.55,2.31,0.889,1.78,0
1068,2,625.5,1251,6.29,0,0,0.909,0.947,0
1069,2,625.5,1251,6.29,0,0,0.909,0.947,0
1070,2,625.5,1251,6.29,0,0,0.909,0.947,0
1071,6,176.333333333333,1058,2.58,0,0,0.75,0.448,0
1072,6,176.333333333333,1058,2.58,0,0,0.75,0.448,0
1074,6,176.333333333333,1058,2.58,0,0,0.75,0.448,0
1075,3,686.333333333333,2059,11.05,0,0,1.599,1.283,0
1076,3,686.333333333333,2059,11.05,0,0,1.599,1.283,0
1078,3,686.333333333333,2059,11.05,0,0,1.599,1.283,0
1080,10,418,4180,6.21,0,2.1,0,0,1
1081,7,707,4949,10.5,0.525,2.9,0.3192,0.2376,1
1083,7,662,4631,5.46,6.175,1.5,0.1384,0.212,1
1085,6,259,1555,2.62,1.875,0,0.66,0.062,1
1086,7.5,261,1898,5.52,0,1,0.249,0.146,1
1087,8,563,4502,3.965,1.75,3.5,0.3456,0.1696,1
1088,2.5,520,1300,5.5625,4.41,0.9,0,0,0
1089,7,591,4227,5.845,4,4.125,0.0735,1.28475,1
1090,5,243,1215,0,7.94,7.57,0,0,0
1091,14,367,5143,2.23,1.55,8.84,0,0,1
1092,15,172,2574,0,8.65,1.94,0.027,0.204,1
1093,7,294,2061,3.41,2.7,0.85,0.1,0.3,0
1094,4,483,1930,6.48,7.68,3,0.592,0.2,0
1095,11,297,3272,0,17.52,3.76,0,0,1
1096,8,335,2682,4.03,3.175,6.26,0.182,0.55,0
1097,6,256,1536,2.665,3.125,3.08,0.229,0.0846,1
1098,7,1148,8039,6.18,6.99,10.49,0,0,0
1099,6,600,3600,5.79,5.69,2.76,0.32,0.3,0
1100,8,387,3094,0,9.3,15,0,0,0
1102,12,669,8028,9.685,5.02,4.2,0.42,0.3375,0
1103,12,962,11544,14.89,5.1,2.25,0,0,1
1104,5.5,415,2285,4.78,2.375,0.575,0,0,0
1105,7,245,1835,5.7675,0.555,1.83,7.32,0.32,0
1106,6,410,2460,6.755,0.925,1.7,0.282,0.2265,0
1107,3,245.7,737.1,3.8,0,0,0.118,0.664,1
1108,7,264.42,1806,4.345,0.875,0,0.084,0.27,0
1109,5,323,1616,4.725,0,1.44,0.04,0.526,0
1110,16,538,8600,5,9,5,0.335,0.128,0
1111,5.5,672,3699,7.05,0.81,1.2,0.1035,0.47775,1
1112,11.5,630,7245,7.615,0.3875,2.25,0.681,0.105,1
1113,7.5,669,5281,13.04,4.075,3.69,0.76,0.06,1
1114,7.5,646,4846,14.08,0,1,0.75375,0.699,1
1115,7,638,4468,7.28,0,2,0.77,0.1635,1
1117,7.5,520,4055,7.44,2.68,2.16,1.64,0.12,1
1118,6.5,428,2780,6.48,0,1.75,0.375,1.4375,1
1119,6,384,2301,3.36,0.75,2.25,0,0.28,1
1120,6,160,960,2.2525,1.275,2.325,0.154,0.264,1
1121,5,585,2926,0,18.4,9.68,0.324,0,0
1122,2,631,1261,10.35,5.005,0.861,0,0,0
1123,4.67,306,1429,5.82,5.86,3.195,0,0,0
1124,4,170,679,3,0,1.1875,0.105,0.1155,1
1125,6,167,1002,3.14,3.2,1.85,0,0,0
1126,7,290,2031,5.18,1.5,2.375,0.14,0.112,0
1127,9,256,2303,0.5,3.82,15.28,0.12,0,0
1130,6,261,1567,1.005,3.255,2.125,0.144,0.294,1
1131,6,697,4185,4.3,5.4,4.8,0,0,1
1132,5,364,1819,3.33,2.8,4.35,0.326,0.615,0
1134,15,566,8489,1.04,18.64,18.48,0,0,1
1135,12,698,8375,2.07,10.11,8.64,0,0,1
1136,11,691,7603,11.22,4.3,3.48,0.06,0,1
1137,5,556,2781,3.57,4.05,3.9,0,0.11,0
1138,8,497,3977,3.255,3.7575,0,0,0,0
1139,7,684,4788,12.8,0,0,0.102,0.294,1
1140,7,240,1838,4.08,0.425,2.3375,0.255,0.66,0
1141,6,709,4221,6.42,3.255,4.375,0.63,0.24,1
1142,7,542,3791,4.86,1.2,1.2,0.21,0,1
1143,3,742,2226,6.78,10.8,3.06,0,0,0
1144,6,270,1620,3.08,0.875,3.16,0.33,0.255,1
1145,6,418,2508,0,4.6,4.9,0,0,0
1147,15,345,5175,0.99,20.35,1.25,0,0.08,1
1148,5,110,550,1.83,2.855,0.24,0.16,0.1,0
1149,6,312,1872,1.9325,2.15,0.69,0.486,0,1
1150,9,217,1953,2.665,0.9,2.05,0,0.135,0
1152,9,579,5204,0,3.95,10.765,0.6,0.3,1
1153,5,308,1540,5.45,1.25,0.68,0,0,1
1154,6,459,2754,3.565,1.815,2.31,0.16,0.12,1
1155,8,665,5301,13.66,8.7,3.05,0.656,1.57,1
1157,9,852,7542,11.16,4.95,4.6,0,0,1
1158,13,775,9686,6.33,10.06,3.56,0,0,1
1159,13,775,9686,6.33,10.06,3.56,0,0,1
1160,8,775,6006,6.33,10.06,3.56,0,0,1
1161,13,775,9686,6.33,10.06,3.56,0,0,1
1162,6,155,932,2.04,0.9,1.08,0,0,0
1163,11,501,5487,2,10.42,15.48,0,0,1
1165,8,494,3952,5.485,0,2.95,0,0.36,1
1166,14,750,10500,7.36,7.6,2.85,0.4,0.48,1
1168,7.5,409,3023,6.95,1.975,1,0,0,1
1169,6.5,712,4627,12.96,1.94,2.59,0,0.135,1
1170,7,366,2559,7.35,1.9,0,0.1825,0.2905,1
1171,7,579,4017,9.32,0.8,1.625,1.14,0.365,0
1172,5,572,2860,7.75,0.9,4.91,0.81,0.24,1
1173,7,245,1701,3.115,1.85,0.9,0,0.4,1
1174,11,403,4433,6.42,2.7,0.85,0.38,0.56,0
1175,7.5,490,3417,7.2,0.64,0.88,0,0.81,1
1177,7.5,317,2422,6.63,0.49,0.45,0.256,0.238,1
1178,7.5,604,4903,11.45,1.35,0.5,0.094,1.544,1
1179,7.5,657,4620,8.2,1.35,0.5,0.12,1.41,1
1180,6,615,3575,5.28,2.82,1.56,0,0,1
1181,6,249,1494,2.64,0.73,1.55,0.148,0.45,1
1182,5,504,2520,0,17.48,9.88,0,0,0
1183,5,376,1880,0,13.76,10.72,0,0,0
1184,3,417,1252,6.3,0,0,0.774,0,0
1186,9,408,3672,6.73,1.95,3.49,0,0,1
1187,10,755,7548,9.24,2.25,4.875,0.964,0.376,0
1188,11.5,489,5618,11.0925,2.325,1.3,0.139,0.1755,0
1189,6,717,4300,1.96,4.175,8.7875,0.104,0.18,1
1190,8.5,347,2966,3.68,2.4375,3.9375,0.323,0.405,1
1191,6,349,2094,5.75,1.7375,0,0.208,0.05,1
1192,11,395,4341,6.245,2.825,1.3125,0.4913,0.4811,0
1193,10,576,5760,10.875,0.975,1.95,0.252,1.056,1
1194,8,306,2483,6.395,0.95,0,0.499,0,1
1195,14,434,6081,4.225,6.8625,1,0,0,1
1196,6,175,1049,2.8125,0,1.25,0,0,1
1197,6,197,1125,2.72,2.0625,0,0,0,1
1198,5,202,1010,3.7125,0,0,0.074,0.09,1
1200,12,418,5016,7.62,2.9,0,0.756,0.554,0
1202,12,439,5268,2.065,8.7,2.125,0,0,0
1203,8,336,2684,0.675,1.95,9.875,0.25,0,0
1204,6,569,3413,6.395,1.25,1.25,0,0.1995,0
1205,5,276,1381,4.96,0,0,0.374,0.3111,1
1206,6,137,821,2.2775,0,0.6,0.067,0.025,1
1207,5,385,1924,5.225,2.625,1.3,0.6345,0,0
1208,6,213,1275,3.52,1.2,0,0.4365,0.084,1
1210,8,648,5180,10.79,0,2.325,0.43,0.042,0
1211,9.5,332,3153,5.98,1.85,1.92,0.05,0.111,0
1212,6.5,644,4187,9.8,0,2,0.197,0.355,1
1213,6.5,457,3474,8.1,1.1,0.6,0.357,0.265,1
1214,5.5,486,3390,6.5,1.32,0.93,0.699,0,1
1215,5.5,483,3370,7,1.35,0.77,0.573,0,0
1216,7,405,2834,3.8,0.88,0.75,0,0.1,1
1217,7,183,1394,1.8,1.85,3.16,0,0.339,0
1219,3,641,1922,8.8,0.8,0.7,0.7,0.26,0
1220,11,260,2856,0.4,17.4,0.9,0,0,1
1221,4,274,1094,4,1.2,0,0.1,0.3,1
1222,6,463,2780,1,4.8,1.4,0.51,0.13,1
1223,6,225,1372,5,2.1,1.7,0.04,0,0
1224,8,433,3528,7.3,3.7,3.8,0.47,0.4,1
1225,8,279,2232,3.7,1.4,4.6,0.74,0,1
1226,5.5,372,2048,5.2,1.2,1.7,0.55,0,1
1227,6.5,679,4415,6.6,3.8,1.9,0,0,1
1228,16,366,5856,0,8.9,13.6,0,0,1
1229,8,380,3036,0,6.2,17.2,0,0,0
1230,13,507,6589,13,1.7,2.2,0,0,1
1231,11,659,7249,8.8,4.5,4.9,0,0.15,0
1232,12,735,8821,13.5,5.2,5.4,0.34,0,0
1233,6.5,304,1974,2.2,3.7,3.6,0.1,0.16,1
1234,6,552,3313,8.4,1.7,1.5,0.21,0.39,1
1236,5,552,3103,13.1,3.6,0.7,0.8,0.05,1
1238,6,191,1148,4.1,0.9,0.85,0,0,0
1239,5.5,319,1754,7.2,0,0,0,0,1
1240,10.5,395,4150,6.5,1.1,2.31,0,0,0
1241,7,562,4119,8.1,0,0.95,0,0,1
1242,9,492,4426,7.7,1.05,0,0,0,0
1243,10,385,3852,5.35,3.16,1.41,0.0668,0.0482,1
1244,5,320,1602,3.03,2.05,2.7,0,0,1
1246,7,512,3587,6.965,3.635,4.38,0.67,0.67,0
1247,5,585,2927,0,7.7,5.35,1.135,0.609,0
1249,6,575,3560,4.1225,4.695,2.835,0,0,0
1250,7,449,2700,6.625,0,1.85,0.398,0.478,1
1251,6,547,3282,10.8,0.95,0.43,0.478,0.456,1
1253,5,672,3358,10.44,1,0.375,0,0,1
1255,5,537,2685,13.76,1,0.51,0,0.0336,1
1256,6.5,512,3325,6.31,3,1.74,0.168,0.592,0
1257,9,381,3428,0,8.88,13.84,0,0,1
1258,8,319,2555,5.13,3.29,2.3,0,0,1
1259,7,1444,10108,21.3,19.386,20.73,0,0,1
1260,7.6,611,4490,9.09,2.1,1.17,0.0794,0.221,1
1261,7.6,611,4490,9.09,2.1,1.17,0.894,0.207,1
1262,6.5,479,3233,7.085,0,0,0,0,1
1263,7.5,493,3694,5.7079,2.756,0.54,0.445,0.369,1
1265,7,848,5933,17.3442,3.765,2.07,0,0,1
1266,8,673,5387,8.12,0.5,2.6,0.153,0,1
1267,6.5,385,2501,1.98,3.717,4.404,0,0,1
1268,7,348,2336,2.87,2.38,1.985,0,0,1
1269,6,323,1936,2.9,2.35,1.45,0.895,0.56125,1
1270,6,520,3120,10.92,0,0,0.368,0.774,1
1271,6,783,4698,14.05,1.83,1.5,0,0,1
1272,7,480,3361,6.4,3.51,3.2,0.4425,0.255,1
1274,7,465,3257,5.25,2.625,4.65,0,0,1
1275,4,687,2749,6.9,0,0,0,0,1
1276,9,420,3780,5.32,2.34,9.27,0,0,1
1277,7,208,1248,3.07,1.125,0.585,0,0.0412,1
1278,10,276,2760,5,0.1,2.98,0.1,0.328,1
1280,15,890,13350,10.6,2.07,2.76,0,0,1
1281,10,185,1850,4.9,1.38,1.05,0.44,0.216,1
1282,5,548,2739,10.6,0.45,1.175,0.348,0.111,0
1283,6,593,3557,8.7,0,1.3,1.627,0,0
1284,7.25,476,3611,6.9775,0.925,2.355,0,0,1
1285,6.5,588,3922,11.616,2.25,1.1875,0,0,1
1286,7.25,512,3657,5.485,2.04,1.39,0,0,1
1288,7.25,697,4759,10.775,1.38,0,0,0,1
1290,7,910,6264,9.09,1.5875,3.6125,0,0,1
1291,4.15,603,2502,14.4025,0,0,0.42875,0.15,0
1292,5.5,182,1002,5.9325,1.04,0,0,0,0
1293,3,409,1226,4.51,2.355,2.58,0,0,0
1294,10,300,3000,0,16.44,5,0,0,0
1295,6,580,4135,10.1575,1,2.9,0,0,0
1297,6,392,2351,2.5,2.25,3.675,0,0,1
1299,6,1392,8349,11.16,23.0275,7.44,0,0,0
1300,12,782,9384,12.59,3.6,5.5575,0,0,0
1301,11,728,8430,16.513,0,0,0,0,1
1302,7.15,349,2725,7.215,1,0.4,0,0,0
1303,7.15,353,2625,8.565,1.425,0.7,0.5945,0.298,0
1305,7.5,386,2894,6.02,0.965,0.75,0.8755,0.402,1
1306,6,480,2881,5.685,5.25,5.15,0.2455,0.278,1
1307,3,532,1597,5.6025,2.45,3.9375,0,0,0
1308,8,566,4525,9.7,0,1.55,0.85,0.356,1
1309,9,606,5455,12.82,0,3,0,0,1
1310,9,496,4463,3.6225,6.144,0.55,0.254,0,1
1311,5,541,2704,7.7925,0.375,0,1.056,0.21,0
1312,9,598,5384,6.97,1.32,3.03,1.699,0.218,1
1313,6,447,2684,6.3375,3.345,1.93,0.55,0,1
1314,8,595,4760,11.78,7.15,3.5,0,0,1
1315,16,506,8089,4.92,5.16,7.99,0.08,0.058,0
1316,6,217,1301,3.025,0,1,0.764,0.12,1
1317,7,324,2267,4.9,1.44,1.99,0.646,0.109,1
1318,16,484,7740,4.915,4.47,2.525,0.5586,0.4608,1
1319,16,484,7740,4.915,4.47,2.525,0.5586,0.4608,1
